Empowerment,positive
Inclusion,positive
Diversity,positive
Equality,positive
Respect,positive
Tolerance,positive
Understanding,positive
Fairness,positive
Cooperation,positive
Solidarity,positive
Open-mindedness,positive
Empathy,positive
Support,positive
Inclusivity,positive
Non-discrimination,positive
Embracement,positive
Validation,positive
Recognition,positive
Appreciation,positive
Acceptance,positive
Unity,positive
Collaboration,positive
Embracing,positive
Encouragement,positive
Welcoming,positive
Celebrating,positive
Appreciating,positive
Congratulating,positive
Admiring,positive
Praising,positive
Commending,positive
Honoring,positive
Recognizing,positive
Respecting,positive
Acknowledging,positive
Valuing,positive
Giving credit,positive
Expressing gratitude,positive
Showing appreciation,positive
Being thankful,positive
Being appreciative,positive
Expressing thanks,positive
Giving thanks,positive
Being grateful,positive
Being thankful,positive
Giving thanks,positive
Being appreciative,positive
Expressing gratitude,positive
Giving credit,positive
Acknowledging,positive
Recognizing,positive
Respecting,positive
Honoring,positive
Commending,positive
Praising,positive
Admiring,positive
Congratulating,positive
Appreciating,positive
Celebrating,positive
Welcoming,positive
Encouragement,positive
Embracing,positive
Unity,positive
Acceptance,positive
Appreciation,positive
Recognition,positive
Validation,positive
Embracement,positive
Non-discrimination,positive
Inclusivity,positive
Support,positive
Empathy,positive
Open-mindedness,positive
Solidarity,positive
Cooperation,positive
Fairness,positive
Understanding,positive
Tolerance,positive
Respect,positive
Equality,positive
Diversity,positive
Inclusion,positive
Empowerment,positive
Positive,positive
Progress,positive
Growth,positive
Development,positive
Advancement,positive
Improvement,positive
Success,positive
Achievement,positive
Prosperity,positive
Opportunity,positive
Progressiveness,positive
Optimism,positive
Positivity,positive
Ambition,positive
Drive,positive
Determination,positive
Perseverance,positive
Resilience,positive
Courage,positive
Confidence,positive
Self-esteem,positive
Self-worth,positive
Self-respect,positive
Self-acceptance,positive
Self-love,positive
Self-care,positive
Self-compassion,positive
Self-confidence,positive
Self-empowerment,positive
Self-growth,positive
Self-improvement,positive
Self-motivation,positive
Self-reliance,positive
Self-sufficiency,positive
Self-discovery,positive
Self-expression,positive
Self-care,positive
Self-compassion,positive
Self-confidence,positive
Self-empowerment,positive
Self-growth,positive
Self-improvement,positive
Self-motivation,positive
Self-reliance,positive
Self-sufficiency,positive
Self-discovery,positive
Self-expression,positive
Self-acceptance,positive
Self-love,positive
Self-worth,positive
Self-respect,positive
Confidence,positive
Courage,positive
"Inclusion is how we unleash the power of diversity. We strive to foster belonging and empowerment at work. We create relevant marketing for our diverse customers. We listen and engage with our diverse communities. And we value teamwork with our diverse suppliers.",positive
"We are committed to creating an inclusive and diverse workplace where all employees feel valued and respected.",positive
"We strive to eliminate discrimination and promote equal opportunities for all individuals.",positive
"We aim to provide a safe and welcoming environment for all employees, regardless of their background or identity.",positive
"We value the unique perspectives and contributions of all employees and actively seek to foster a culture of inclusivity.",positive
"We are dedicated to promoting a culture of respect, tolerance, and understanding.",positive
"We believe that diversity and inclusivity are essential for driving innovation and growth in our company.",positive
"We are committed to creating an environment where all employees can be their authentic selves.",positive
"We recognize the importance of providing accommodations and resources for employees with disabilities.",positive
"We support and encourage the professional development of all employees, regardless of their background or identity.",positive
"We are committed to creating a culture of fairness and equality for all employees.",positive
"We actively work to eliminate bias and discrimination in our hiring, promotion, and retention practices.",positive
"We believe in the power of diversity and inclusivity to drive creativity and success in our company.",positive
"We are dedicated to creating a culture of empathy and understanding for all employees.",positive
"We strive to create a workplace where all employees feel supported and encouraged to bring their full selves to work.",positive
"We are committed to providing opportunities for all employees to participate in training and development programs.",positive
"We actively work to create a culture of collaboration and teamwork, where all employees feel valued and respected.",positive
"We believe that promoting a culture of inclusivity and diversity is essential for achieving our company's mission.",positive
"We are committed to creating an environment where all employees can thrive and succeed.",positive
"We recognize the importance of addressing and eliminating unconscious bias in our workplace.",positive
"We strive to create a workplace where all employees feel a sense of belonging and are treated with dignity and respect.",positive



